{
	"format_version": "1.8.0",
	"animations": {
		"animation3": {
			"animation_length": 1.25,
			"bones": {
				"Brazo derecho": {
					"rotation": {
						"0.0": [0, 0, 0],
						"0.875": [-180, 0, 0],
						"1.2083": [-360, 0, 0]
					}
				},
				"Brazo izquierdo": {
					"rotation": {
						"0.0": [0, 0, 0],
						"0.875": [-182.5, 0, 0],
						"1.2083": [2.5, 0, 0]
					}
				},
				"Pecho": {
					"rotation": {
						"0.0": [0, 0, 0],
						"0.4167": [0, -180, 0],
						"0.75": [0, -360, 0]
					}
				}
			}
		}
	}
}