{
	"format_version": "1.8.0",
	"animations": {
		"animation": {
			"loop": true,
			"animation_length": 0.5,
			"bones": {
				"Brazo derecho": {
					"rotation": {
						"0.0": [0, 0, 0],
						"0.125": [-22.5, 0, 0],
						"0.25": [2.5, 0, 0],
						"0.375": [30, 0, 0],
						"0.4583": [0, 0, 0]
					}
				},
				"Brazo izquierdo": {
					"rotation": {
						"0.0": [0, 0, 0],
						"0.125": [37.5, 0, 0],
						"0.25": [0, 0, 0],
						"0.375": [-20, 0, 0],
						"0.4583": [0, 0, 0]
					}
				}
			}
		}
	}
}